,title,uploaded_at,duration,views,likes,comments
0,Eminem - Won't Back Down (Ft. P!nk) [Lyric Video] ft. P!nk,2022-09-12T16:00:13Z,PT4M26S,3423393,178393,8380
1,"Eminem, 50 Cent - Is This Love ('09) [Visualizer]",2022-09-06T16:00:31Z,PT3M34S,4607678,232927,8769
2,"Eminem, Snoop Dogg - From The D 2 The LBC (VMAs)",2022-09-05T18:48:18Z,PT4M29S,1434605,103251,5075
3,Eminem - Rap God (Mr. Cii Remix) [Official Audio],2022-08-11T01:13:13Z,PT6M17S,1488472,86124,5743
4,Eminem ft. 50 Cent - Is This Love (’09) [Official Audio],2022-08-11T01:12:24Z,PT3M33S,2036585,97166,5129
5,Eminem - Cinderella Man (Lyric Video),2022-08-10T16:00:41Z,PT4M39S,4949955,253439,9252
6,"Eminem, Dr. Dre, & 50 Cent - Crack A Bottle [Official Video]",2022-08-01T16:00:22Z,PT5M4S,7365081,349434,14778
7,Eminem & Snoop Dogg Interview | Forgotten Beach Scene,2022-07-25T15:28:04Z,PT51S,879189,82774,1274
8,Eminem & Snoop Dogg - From The D 2 The LBC [Official Music Video],2022-06-24T04:00:15Z,PT4M47S,64436770,2253151,96951
9,"Eminem ft. CeeLo Green - ""The King And I""",2022-06-16T17:25:04Z,PT3M14S,4390959,208510,16231
10,Eminem - Replacement for White America,2022-01-28T19:21:21Z,PT5M57S,10,5055,282
11,Eminem - Replacement for Superman,2022-01-28T19:21:14Z,PT4M47S,2,1358,0
12,Eminem - Replacement for Sing For The Moment,2022-01-28T19:21:14Z,PT5M26S,4,1538,0
13,Eminem - Replacement for Cleanin' Out My Closet,2022-01-28T19:21:13Z,PT5M13S,20,1058,0
14,50 million subscribers and counting,2022-01-11T17:01:34Z,PT47S,5432320,543940,11790
15,"Skylar Grey, Polo G, Mozzy, Eminem - Last One Standing (Lyric Video)",2021-10-19T16:00:02Z,PT4M18S,38806154,761864,18211
16,Eminem - Replacement for 21 Questions,2021-10-13T16:59:48Z,PT4M19S,0,6346,0
17,Eminem - Venom (Remix/Audio),2021-10-07T01:42:30Z,PT4M20S,8811438,346394,15512
18,"Skylar Grey - Last One Standing ft. Polo G, Mozzy, & Eminem [Official Audio]",2021-09-30T04:00:13Z,PT4M18S,32573760,822247,38575
19,"Mom's Spaghetti Restaurant - Opening 9/29/21 - Detroit, MI",2021-09-28T00:02:11Z,PT31S,2392405,142407,8764
20,"Eminem - Killer (Remix) [Official Audio] ft. Jack Harlow, Cordae",2021-05-28T04:00:12Z,PT3M57S,24390635,584977,35900
21,Eminem - Alfred's Theme (Lyric Video),2021-05-05T16:00:26Z,PT5M41S,12127867,416891,23765
22,Eminem - Tone Deaf (Lyric Video),2021-03-05T19:40:13Z,PT5M2S,20160207,888368,82945
23,Eminem - Higher (Official Video) Explicit,2021-01-23T19:36:17Z,PT5M36S,30975290,1327233,75133
24,Eminem - Godzilla (Lyric Video) ft. Juice WRLD,2020-03-04T05:00:00Z,PT3M33S,54501622,1334715,44725
25,Premonition - Intro [Official Audio],2020-01-28T13:50:21Z,PT2M54S,17554164,201034,8421
26,Unaccommodating (feat. Young M.A) [Official Audio],2020-01-28T13:50:16Z,PT3M37S,17370237,184664,10702
27,"You Gon' Learn (feat. Royce Da 5'9"" & White Gold) [Official Audio]",2020-01-28T13:50:08Z,PT3M55S,21992238,199952,8154
28,In Too Deep [Official Audio],2020-01-28T13:50:00Z,PT3M15S,8204476,83101,2659
29,Those Kinda Nights (feat. Ed Sheeran) [Official Audio],2020-01-28T13:49:56Z,PT2M58S,15976695,172178,3601
30,Godzilla (feat. Juice WRLD) [Official Audio],2020-01-28T13:49:50Z,PT3M31S,100058007,1243543,49130
31,Darkness [Official Audio],2020-01-28T13:49:42Z,PT5M38S,7277866,87546,3500
32,Leaving Heaven (feat. Skylar Grey) [Official Audio],2020-01-28T13:49:37Z,PT4M26S,14115347,137793,4722
33,"Yah Yah (feat. Royce Da 5'9"", Black Thought, Q-Tip & Denaun) [Official Audio]",2020-01-28T13:49:31Z,PT4M47S,6871735,65326,4100
34,Stepdad [Official Audio],2020-01-28T13:49:26Z,PT3M34S,6856164,77083,4856
35,Marsh [Official Audio],2020-01-28T13:49:22Z,PT3M21S,11107824,110849,4434
36,Never Love Again [Official Audio],2020-01-28T13:49:16Z,PT2M58S,10903612,197510,3585
37,Lock It Up (feat. Anderson .Paak) [Official Audio],2020-01-28T13:49:11Z,PT2M51S,13776401,147882,6085
38,Little Engine [Official Audio],2020-01-28T13:47:37Z,PT2M58S,6403018,63972,2906
39,Farewell [Official Audio],2020-01-28T13:47:32Z,PT4M8S,5523110,69591,2839
40,No Regrets (feat. Don Toliver) [Official Audio],2020-01-28T13:47:20Z,PT3M21S,8564241,95296,3479
41,"I Will (feat. KXNG Crooked, Royce da 5'9"" & Joell Ortiz) [Official Audio]",2020-01-28T13:47:12Z,PT5M3S,10238791,104424,6607
42,Eminem - Darkness (Official Video),2020-01-17T05:00:06Z,PT6M10S,61449465,1911565,123716
43,"‘Shazam' Trailer Ft. ""My Name Is""",2019-03-04T17:23:24Z,PT2M5S,5502149,294496,11629
44,Eminem - Good Guy (Behind The Scenes) ft. Jessie Reyez,2019-02-01T05:00:02Z,PT2M55S,4345921,134937,5420
45,Eminem - Good Guy ft. Jessie Reyez,2018-12-07T17:00:03Z,PT3M43S,50258374,1001489,48989
46,"Eminem - ""Kick Off"" (Freestyle)",2018-12-01T02:26:38Z,PT11M5S,7074147,334247,47376
47,Bodied - Official Feature Film - directed by Joseph Kahn and Produced by Eminem,2018-11-28T17:00:02Z,PT2H29S,,,12637
48,Behind the Scenes - Eminem Jimmy Kimmel Live “Venom” Performance – Presented by Google Pixel 3,2018-10-18T18:33:07Z,PT5M17S,1125927,61781,3440
49,"Eminem Performs ""Venom"" from the Empire State Building on Jimmy Kimmel Live",2018-10-16T13:56:16Z,PT7M47S,25810531,818894,32810
50,Bodied - Uncensored Official Trailer - Produced by Eminem,2018-10-08T16:00:47Z,PT2M20S,2257973,80206,5134
51,Bodied - Official Trailer - Produced by Eminem.,2018-10-08T16:00:37Z,PT2M18S,5200611,209572,12872
52,Eminem - Venom,2018-10-05T17:00:00Z,PT4M56S,738766447,10065796,341627
53,Eminem x Sway - The Kamikaze Interview (Part 4),2018-09-15T03:20:19Z,PT17M3S,4519412,146668,13608
54,KILLSHOT [Official Audio],2018-09-14T18:55:13Z,PT4M14S,443713591,6412225,178195
55,Eminem x Sway - The Kamikaze Interview (Part 3),2018-09-14T00:00:02Z,PT15M37S,6618568,150298,17851
56,Eminem - Lucky You ft. Joyner Lucas,2018-09-13T15:00:06Z,PT5M49S,183953894,3237314,179838
57,Eminem x Sway - The Kamikaze Interview (Part 2),2018-09-13T00:00:48Z,PT13M45S,8981115,210580,28916
58,Eminem x Sway - The Kamikaze Interview (Part 1),2018-09-12T00:00:10Z,PT12M8S,11977878,297517,32266
59,Eminem - Fall,2018-09-04T17:00:02Z,PT5M12S,215457193,3177942,192458
60,Fall [Official Audio],2018-08-31T18:11:20Z,PT4M23S,16011350,229038,12657
61,Kamikaze [Official Audio],2018-08-31T05:33:34Z,PT3M37S,41087690,628170,32642
62,Lucky You (Feat. Joyner Lucas) [Official Audio],2018-08-31T05:33:28Z,PT4M6S,127323185,1089082,52250
63,Eminem - River ft. Ed Sheeran (LIVE AT TWICKENHAM 2018),2018-07-19T16:00:17Z,PT3M2S,2367281,94826,4311
64,Eminem - Framed,2018-04-03T16:00:04Z,PT5M32S,29020055,664879,55803
65,"""Framed"" (Official Video Trailer)",2018-03-28T16:00:09Z,PT30S,1368273,20348,1041
66,Eminem - Nowhere Fast (Extended Version) [Audio] ft. Kehlani,2018-03-17T04:00:01Z,PT4M40S,16267624,318092,19292
67,Eminem - River (Behind the Scenes) ft. Ed Sheeran,2018-03-14T15:40:39Z,PT4M14S,3014233,96943,4470
68,Eminem - Untouchable (Lyric Video),2018-02-16T05:00:00Z,PT6M12S,4416315,147980,10539
69,Eminem - River ft. Ed Sheeran (Official Video),2018-02-14T15:00:06Z,PT6M55S,189531685,2642424,92738
70,Eminem - River (Trailer: Boxing) ft. Ed Sheeran,2018-02-13T15:00:00Z,PT24S,1201917,58124,3418
71,Eminem - Walk On Water ft. Beyoncé (Official Behind The Scenes Video),2018-01-25T05:00:00Z,PT4M49S,2024990,70211,3576
72,Revival Pop Up,2018-01-09T21:28:46Z,PT4M16S,335563,13760,786
73,Eminem - Walk On Water (Official Video),2017-12-24T03:30:08Z,PT5M22S,77219470,1259453,79980
74,"""Walk On Water"" (Official Video Teaser)",2017-12-20T22:00:08Z,PT33S,780853,20062,1338
75,Eminem - River (Audio) ft. Ed Sheeran,2017-12-15T05:00:00Z,PT3M43S,209420494,2095145,75879
76,Eminem ft. Beyoncé - Walk On Water (Official Lyric Video),2017-12-15T01:08:30Z,PT5M8S,6685386,158038,8327
77,Eminem - Untouchable (Audio),2017-12-08T05:00:01Z,PT6M12S,22916503,472845,79726
78,Revival Album Art Reveal,2017-12-07T19:57:08Z,PT1M16S,203964,8541,595
79,EminemVEVO Live Stream,2017-12-04T13:53:43Z,P0D,0,375,0
80,Walk On Water/Stan/Love The Way You Lie (Medley/Live From Saturday Night Live/2017),2017-11-19T19:06:44Z,PT8M46S,13642651,384126,28576
81,Eminem - Walk On Water (Audio) ft. Beyoncé,2017-11-10T17:00:03Z,PT5M5S,62688847,1192231,119545
82,Eminem - Partners In Rhyme: The True Story of Infinite (Official Trailer),2016-11-22T22:10:11Z,PT3M3S,4394184,129649,6280
83,Eminem - Infinite (F.B.T. Remix) (Official Audio),2016-11-18T00:10:49Z,PT4M12S,13579777,287173,21395
84,Eminem - Campaign Speech,2016-10-19T16:16:54Z,PT7M48S,13300391,263974,38362
85,Eminem - Phenomenal (Behind The Scenes),2015-10-28T04:00:01Z,PT8M55S,6609252,121099,5552
86,Southpaw X Soundtrack,2015-10-27T20:54:01Z,PT3M4S,137523,4151,163
87,"PRhyme ft. Logic ""Mode"" Lyric Video",2015-10-16T17:59:54Z,PT3M9S,219431,7014,497
88,Eminem - Phenomenal,2015-10-01T13:00:01Z,PT7M22S,48423431,772882,46707
89,Straight Outta Compton N.W.A's Impact,2015-08-13T19:48:47Z,PT1M25S,162627,5879,110
90,The Southpaw Sessions - Full Interview,2015-07-31T21:25:37Z,PT29M17S,215480,5682,500
91,The Southpaw Sessions - Clip 2,2015-07-30T21:12:24Z,PT33S,38480,1354,93
92,The Southpaw Sessions - Clip 3,2015-07-30T21:12:24Z,PT41S,50781,1605,60
93,The Southpaw Sessions - Clip 1,2015-07-30T21:12:24Z,PT22S,56538,1565,49
94,Eminem - Kings Never Die (Lyric Video) ft. Gwen Stefani,2015-07-29T19:00:02Z,PT4M57S,61956458,587238,17345
95,The Southpaw Sessions Round 3 with Eminem and Jake Gyllenhaal,2015-07-28T16:20:06Z,PT9M59S,664188,11477,943
96,Hitman: Agent 47 ft. Won't Back Down,2015-07-27T17:25:12Z,PT32S,319473,7009,187
97,The Southpaw Sessions at the YouTube Space (Teaser 2),2015-07-25T22:11:23Z,PT32S,251874,6001,163
98,The Southpaw Sessions Round 2 with Eminem and Jake Gyllenhaal,2015-07-24T15:39:55Z,PT9M58S,622753,9880,728
99,The Southpaw Sessions Round 1 with Eminem and Jake Gyllenhaal,2015-07-23T21:32:41Z,PT9M56S,2574156,37108,2284
100,"Final Southpaw Trailer ft. ""KIngs Never Die""",2015-07-23T01:00:21Z,PT1M1S,178625,3574,108
101,The Southpaw Sessions at the Youtube Space (Teaser),2015-07-22T17:55:08Z,PT25S,109613,3534,156
102,Behind the Scenes at Jake Gyllenhaal's Southpaw Training,2015-07-11T04:21:38Z,PT1M43S,239978,5394,125
103,Eminem - Kings Never Die (Audio) ft. Gwen Stefani,2015-07-10T04:00:01Z,PT4M55S,43514428,386759,19057
104,"Southpaw Trailer Featuring ""Kings Never Die""",2015-07-08T14:14:21Z,PT1M53S,213520,5069,249
105,Phenomenal Music Film (Selfie Clip),2015-07-07T17:01:53Z,PT17S,444956,9896,446
106,Southpaw Official Trailer #2 Featuring Phenomenal,2015-06-30T00:28:04Z,PT1M1S,194419,3882,155
107,Eminem - Phenomenal (Lyric Video),2015-06-17T18:00:00Z,PT4M47S,49573968,412903,16840
108,Eminem - Phenomenal (Audio Only),2015-06-02T03:47:50Z,PT4M42S,5511494,49819,4963
109,Southpaw - Official Trailer,2015-03-27T13:27:40Z,PT2M31S,4045552,17957,1336
110,Detroit Vs. Everybody (Behind The Scenes),2015-03-18T07:00:00Z,PT4M54S,2802486,48726,1494
111,Detroit Vs. Everybody (Lyric Video),2015-02-06T08:00:04Z,PT5M57S,3436483,68639,2806
112,"Eminem, Royce da 5'9"", Big Sean, Danny Brown, Dej Loaf, Trick Trick - Detroit Vs. Everybody",2015-01-23T17:00:05Z,PT6M1S,62248089,630264,38765
113,Eminem - Eminem Interview (CD:UK),2015-01-21T18:04:42Z,PT2M53S,2822106,60254,1831
114,"Eminem, Slaughterhouse, Yelawolf - CXVPHER (Behind The Scenes)",2014-12-18T08:00:06Z,PT6M28S,2835251,37512,1663
115,SHADYXV - TV Spot,2014-12-01T23:40:45Z,PT31S,159125,5818,419
116,"SHADYXV Quinceañera Episode 3 - ""Birthday Cake""",2014-11-25T21:31:00Z,PT30S,145190,4634,177
117,Eminem - Guts Over Fear ft. Sia,2014-11-24T17:00:02Z,PT5M33S,246364486,1820543,54427
118,"Eminem - ""Guts Over Fear"" ft. Sia [Official Teaser]",2014-11-21T17:00:16Z,PT16S,287939,4357,173
119,"Eminem - ""Lose Yourself"" - The Demo",2014-11-18T20:34:30Z,PT32S,1468990,28208,1114
120,"SHADYXV Quinceañera Episode 2 - ""Birthday Girl""",2014-11-13T17:00:13Z,PT30S,145044,3826,128
121,Beats x Eminem: Beat by Beat [TEASER],2014-11-12T21:42:00Z,PT22S,266584,5048,277
122,Vevo Presents: Shady CXVPHER (Official Video),2014-11-11T21:00:02Z,PT18M48S,15527271,237838,22835
123,Detroit Vs. Everybody,2014-11-11T05:00:00Z,PT5M58S,9230159,111707,10825
124,Vevo Presents: SHADY CXVPHER,2014-11-07T03:01:02Z,PT35S,2340685,45901,2821
125,"SHADYXV Quinceañera Episode 1 - ""Birthday Clown""",2014-11-06T17:00:52Z,PT30S,176721,5489,0
126,Eminem - Guts Over Fear ft. Sia (Lyric Video),2014-09-18T07:00:02Z,PT5M2S,23663696,278035,15074
127,Guts Over Fear ft. Sia featured in #Mayhem: Mayweather vs Maidana Trailer,2014-09-09T22:12:04Z,PT1M21S,205419,3758,193
128,The Equalizer Movie – New and Exclusive Online Trailer,2014-09-02T21:49:05Z,PT2M34S,991259,4036,210
129,Rick Rubin ALS Ice Bucket Challenge,2014-08-26T16:15:23Z,PT49S,295111,4666,287
130,Eminem #ALSIceBucketChallenge,2014-08-26T16:10:53Z,PT4M10S,194274,8900,265
131,Eminem - Guts Over Fear (Audio) ft. Sia,2014-08-25T22:01:00Z,PT5M1S,12957536,171272,15160
132,Eminem - Guts Over Fear ft. Sia,2014-08-25T04:19:18Z,PT5M1S,8652041,92486,9816
133,"Exclusive Preview: ""Guts Over Fear"" ft. Sia",2014-08-15T17:05:41Z,PT1M3S,694228,7353,467
134,Eminem - Headlights (Explicit) ft. Nate Ruess,2014-05-11T16:00:04Z,PT4M11S,139418172,1263987,58297
135,Headlights Teaser,2014-05-09T20:09:27Z,PT50S,291646,6964,331
136,Eminem - The Monster Explained (Behind The Scenes) ft. Rihanna,2014-04-03T15:30:02Z,PT3M20S,4510957,78446,3692
137,Eminem - The Monster (Edited) ft. Rihanna,2013-12-24T08:00:02Z,PT5M19S,14815117,160759,5976
138,Eminem ft. Rihanna - The Monster (Explicit) [Official Video],2013-12-17T00:50:00Z,PT5M19S,870757997,5536683,159931
139,Eminem - The Monster (Teaser) ft. Rihanna,2013-12-13T22:00:02Z,PT57S,4891721,79126,3202
140,Eminem - Rap God (Explicit),2013-11-27T16:50:00Z,PT6M10S,1312291252,18206215,1189724
141,Rap God Official Teaser,2013-11-22T00:25:01Z,PT27S,1925462,70324,3020
142,Eminem Celeb Playlist Update,2013-11-09T17:50:47Z,PT7S,269550,5625,315
143,Eminem - MTV EMAs,2013-11-08T18:34:54Z,PT16S,1099636,8940,447
144,Eminem MMLP 2 - Out Now,2013-11-08T07:13:00Z,PT16S,805935,12001,431
145,Eminem - Survival (Live on SNL),2013-11-05T22:56:37Z,PT3M23S,4373037,64523,5004
146,Eminem - Berzerk (Live on SNL),2013-11-05T18:49:36Z,PT4M25S,4441369,84302,5748
147,Call Of Duty: Ghosts X GameStop - MMLP2 Special Offer,2013-11-05T13:06:05Z,PT1M18S,1252157,16554,851
148,Eminem - The Monster ft. Rihanna (Audio),2013-10-28T23:30:01Z,PT4M13S,102904609,809479,63180
149,Eminem - Rap God (Audio),2013-10-14T21:31:05Z,PT6M7S,70361569,621585,112462
150,Eminem - Survival (Explicit),2013-10-08T16:55:01Z,PT4M32S,177425139,1528294,152849
151,Eminem - Berzerk,2013-10-08T07:00:01Z,PT4M20S,2254216,57465,2430
152,Eminem - Berzerk Explained: Behind The Scenes 1,2013-10-03T22:01:41Z,PT2M4S,3063645,40651,2337
153,Eminem - Berzerk (Official Music Video) (Explicit),2013-09-09T15:40:00Z,PT4M20S,267316071,2044363,174739
154,Eminem - Berzerk (Lyric Video),2013-09-06T23:50:15Z,PT4M9S,12131811,84141,5065
155,Eminem - Berzerk (Official Audio),2013-08-27T04:20:31Z,PT4M9S,36888531,375251,77709
156,Survival (Audio Only),2013-08-14T20:25:51Z,PT4M33S,21135601,203869,28377
157,Not Afraid by Eminem | Behind The Scenes Pt. 1 | Eminem,2013-02-08T18:42:47Z,PT3M27S,254859,2967,165
158,Not Afraid by Eminem | Behind The Scenes Pt. 2 | Eminem,2013-02-08T18:40:20Z,PT3M8S,132097,1260,66
159,"Shady 2.0 Boys (Detroit) by Eminem, Slaughterhouse, and Yelawolf | Eminem",2013-02-08T18:18:49Z,PT5M50S,1852096,27033,2005
160,Eminem - Detroit Rubber - Season 1 Trailer,2013-02-05T14:55:07Z,PT56S,1864593,14776,1640
161,Shady Records Hot 97 Summer Jam BBQ | Eminem,2012-06-08T18:40:27Z,PT2M4S,200812,1307,204
162,Shady 2.0 SXSW | Eminem,2012-03-22T01:21:46Z,PT3M28S,151034,1891,148
163,Shady Records Cypher 2011 | Behind The Scenes | Eminem,2011-10-12T08:11:14Z,PT3M3S,554179,3953,659
164,Bad Meets Evil Meets Europe Part 4 | Bad Meets Evil | Eminem,2011-09-12T15:15:20Z,PT3M30S,199889,2689,257
165,Lighters by Bad Meets Evil ft. Bruno Mars | Behind The Scenes | Eminem,2011-09-12T06:37:34Z,PT4M20S,311873,3784,542
166,Bad Meets Evil Meets Europe Part 3 | Bad Meets Evil | Eminem,2011-09-06T18:03:22Z,PT1M20S,260814,2313,270
167,Bad Meets Evil Meets Europe Part 2 | Bad Meets Evil | Eminem,2011-09-03T09:48:06Z,PT2M34S,323187,3099,289
168,Bad Meets Evil Meets Europe Part 1 | Bad Meets Evil | Eminem,2011-08-25T06:36:48Z,PT1M20S,299124,2327,267
169,Hip Hop Playlist | Bad Meets Evil | Eminem,2011-08-21T02:37:12Z,PT5M6S,456396,2949,460
170,Eminem - Space Bound (Official Video),2011-06-27T07:00:00Z,PT4M25S,354086264,2317703,161909
171,Playlist Intro | Bad Meets Evil | Eminem,2011-06-15T06:18:15Z,PT10S,352547,3200,251
172,Live Stream | Bad Meets Evil | Eminem,2011-06-14T21:16:46Z,PT21M17S,2274542,63508,5064
173,Live Chat with Bad Meets Evil | Bad Meets Evil | Eminem,2011-06-10T02:02:28Z,PT23S,1166760,5128,859
174,Bad Meets Evil | Commercial | Eminem,2011-06-07T01:56:53Z,PT30S,568992,3995,358
175,Fast Lane by Bad Meets Evil | Teaser | Eminem,2011-05-28T03:16:09Z,PT42S,837236,5501,621
176,"Eminem - Not Afraid (Behind The Scenes, Day 2)",2010-10-14T19:44:36Z,PT3M7S,4947759,42256,2683
177,"Eminem - Not Afraid (Behind The Scenes, Day 1)",2010-10-14T01:05:14Z,PT3M26S,3607082,41300,3199
178,Eminem - No Love ft. Lil Wayne,2010-10-02T00:25:37Z,PT5M15S,95239302,585974,29751
179,No Love by Eminem -  ft. Lil Wayne | Teaser | Eminem,2010-09-30T01:50:42Z,PT31S,2042141,5021,799
180,Eminem - No Love (Explicit Version) ft. Lil Wayne,2010-09-29T18:05:14Z,PT5M15S,607302934,3063520,204648
181,Eminem - The Real Slim Shady (Official Video - Clean Version),2010-09-15T16:41:05Z,PT4M29S,756511862,6310666,167675
182,Eminem - Love The Way You Lie ft. Rihanna,2010-08-05T19:09:46Z,PT4M27S,2509657454,12553108,597796
183,Recovery Testimonial | Eminem,2010-06-17T00:05:28Z,PT1M45S,335427,1538,728
184,Emwow: Vince for Eminem's Recovery (Extended Version) | Commercial | Eminem,2010-06-16T23:52:00Z,PT2M6S,477879,6386,660
185,Emwow: Vince for Eminem's Recovery | Commercial | Eminem,2010-06-15T21:11:36Z,PT31S,964133,5278,779
186,Black Ops Remix Ft. Won't Back Down by Eminem HD | Commercial | Eminem,2010-06-14T19:07:43Z,PT1M7S,616414,6072,591
187,Eminem - Not Afraid,2010-06-05T05:02:39Z,PT4M19S,1710265143,11306987,869882
188,Eminem - Not Afraid (Teaser),2010-04-29T23:26:33Z,PT4M12S,3421580,23503,1466
189,Eminem - Like Toy Soldiers (Official Music Video),2009-12-25T08:35:59Z,PT5M22S,436943876,2019675,154598
190,Eminem - Stan (Long Version) ft. Dido,2009-12-25T06:54:41Z,PT8M9S,606337578,4982832,196221
191,Eminem - Sing For The Moment (Official Music Video),2009-12-25T06:48:38Z,PT5M26S,436193242,2163310,94231
192,"Eminem - You Don't Know (Official Music Video) ft. 50 Cent, Cashis, Lloyd Banks",2009-12-25T06:41:03Z,PT4M24S,420171599,2017194,69238
193,Eminem - Mockingbird [Official Music Video],2009-12-25T04:20:46Z,PT4M18S,673247362,4792663,193795
194,"Eminem - A** Like That (Super Clean Version, Closed Captioned)",2009-12-25T01:55:02Z,PT5M15S,147681076,1374113,34998
195,Eminem - Role Model (Official Music Video),2009-12-25T01:14:00Z,PT3M59S,32275253,273297,12456
196,Eminem - Just Lose It (Official Music Video),2009-12-25T01:07:59Z,PT4M4S,282982261,1554378,85153
197,Eminem - Beautiful (Official Music Video),2009-11-26T01:47:17Z,PT4M15S,436424653,2220061,135979
198,My Name Is (Version 1 Dirty Version) by Eminem | Eminem,2009-09-10T23:33:34Z,PT4M8S,107384,3224,129
199,A** Like That (Super Clean Version) by Eminem | Eminem,2009-09-10T23:33:19Z,PT5M17S,4137435,67442,989
200,Mosh (Extra Clean Version) by Eminem | Eminem,2009-09-10T23:05:55Z,PT5M20S,397243,5121,162
201,Without Me (MTV Version) by Eminem | Eminem,2009-09-10T23:04:42Z,PT5M,143663,5155,195
202,Mosh (Dirty Version) by Eminem | Eminem,2009-09-10T22:34:41Z,PT5M19S,3235733,65393,5734
203,Cleanin' Out My Closet (BET Version) by Eminem | Eminem,2009-09-10T22:05:32Z,PT5M12S,564387,11248,242
204,3 a.m. (Explicit) by Eminem | Eminem,2009-09-10T21:33:37Z,PT5M25S,104886,2718,192
205,Without Me (BET Version) by Eminem | Eminem,2009-09-10T21:10:30Z,PT5M,92916,3295,128
206,The Real Slim Shady by Eminem | Eminem,2009-09-10T21:04:47Z,PT4M28S,222080,9140,256
207,Role Model by Eminem | Eminem,2009-09-10T20:20:35Z,PT3M59S,86746,2726,127
208,Like Toy Soldiers (Broadcast Mural Version) by Eminem | Eminem,2009-09-10T20:12:41Z,PT5M24S,87865,2612,212
209,Just Don't Give A F*** (Clean Version) by Eminem | Eminem,2009-09-10T19:58:07Z,PT3M49S,70869,2020,127
210,Just Lose It (Director's Cut) by Eminem | Eminem,2009-09-10T18:03:20Z,PT4M6S,1720811,28590,539
211,Without Me by Eminem | Eminem,2009-09-10T16:53:51Z,PT4M59S,171280,5731,198
212,Stan (Long Version) by Eminem ft. Dido | Eminem,2009-09-10T16:29:16Z,PT8M10S,127833,3584,155
213,Mosh (Dirty Version) by Eminem | Eminem,2009-09-10T15:54:39Z,PT5M20S,100123,3155,246
214,Guilty Conscience (Director's Cut) by Eminem ft. Dr. Dre | Eminem,2009-09-10T14:31:27Z,PT3M34S,76803,2411,73
215,The Way I Am (Clean Version) by Eminem | Eminem,2009-09-10T13:18:24Z,PT5M2S,158123,4387,203
216,Mockingbird by Eminem | Eminem,2009-09-10T13:18:10Z,PT4M19S,131547,5692,219
217,Just Lose It (BET Version) by Eminem | Eminem,2009-09-10T12:56:59Z,PT4M6S,56489,2191,162
218,Mosh (No Vote Slate) by Eminem | Eminem,2009-09-10T12:31:49Z,PT5M19S,52109,1815,194
219,Just Lose It (MTV Version) by Eminem | Eminem,2009-09-10T11:57:31Z,PT4M6S,69727,2517,121
220,Mosh (Post Election) by Eminem | Eminem,2009-09-10T11:06:34Z,PT5M20S,117797,3712,250
221,Sing For The Moment by Eminem (Live) | Eminem,2009-09-10T10:55:30Z,PT3M34S,648786,20571,663
222,Mosh (Extra Clean-No Vote Slate) by Eminem | Eminem,2009-09-10T09:58:54Z,PT5M18S,54234,1933,176
223,We Made You by Eminem | Eminem,2009-09-10T08:50:21Z,PT4M43S,297726,6567,311
224,White America (Clean Version) by Eminem | Eminem,2009-09-10T08:06:54Z,PT5M56S,1296704,15791,331
225,Mosh (MTV Version) by Eminem | Eminem,2009-09-10T07:29:52Z,PT5M20S,74376,2470,192
226,Sing For The Moment (Edited) by Eminem | Eminem,2009-09-10T06:07:40Z,PT5M28S,4622215,39672,626
227,Stan by Eminem ft. Dido (Short Version) | Eminem,2009-09-10T06:01:19Z,PT6M3S,152486,4679,271
228,Eminem - My Name Is (Official Music Video),2009-06-17T00:56:02Z,PT4M9S,239129575,1896597,70807
229,Eminem - Superman (Clean Version) ft. Dina Rae,2009-06-17T00:47:50Z,PT4M47S,136716234,884995,34673
230,Eminem - When I'm Gone (Official Music Video),2009-06-17T00:23:36Z,PT6M10S,937060270,5616074,298028
231,Eminem - Stan (Short Version) ft. Dido,2009-06-16T23:50:41Z,PT6M5S,119477573,1095312,43124
232,Eminem - Shake That (Official Music Video) ft. Nate Dogg,2009-06-16T23:46:08Z,PT4M35S,159892592,1325596,33543
233,Eminem - Cleanin' Out My Closet (Official Music Video),2009-06-16T23:39:02Z,PT5M13S,355588003,2169456,88243
234,Eminem - My Name Is (Dirty Version) (Official Music Video),2009-06-16T23:11:19Z,PT4M10S,46755982,501278,17040
235,Eminem - Guilty Conscience (Official Music Video) ft. Dr. Dre,2009-06-16T23:08:30Z,PT3M35S,58725158,453025,20542
236,Eminem - Without Me (Official Music Video),2009-06-16T23:00:29Z,PT4M58S,1546728061,11139759,337452
237,Eminem - Stan (Live),2009-06-16T22:58:03Z,PT3M39S,5105434,59640,2838
238,Eminem - Just Don't Give A F***,2009-06-16T22:57:49Z,PT3M49S,18020774,196664,10466
239,Eminem - The Way I Am,2009-06-16T22:47:41Z,PT5M3S,183907433,1051084,50093
240,Eminem - We Made You (Official Music Video),2009-06-16T22:07:05Z,PT4M47S,241238258,1158564,77159
241,Eminem - 3 a.m. (Official Music Video),2009-06-16T22:06:05Z,PT5M24S,63241881,360634,35641
242,Eminem - White America (Official Music Video),2009-06-16T21:55:47Z,PT5M57S,56209928,360199,33166
243,We Made You by Eminem | Eminem,2009-04-07T07:21:53Z,PT4M51S,21256215,55782,13369
244,Lose Yourself by Eminem | Eminem,2007-05-24T21:50:19Z,PT5M28S,125616311,774188,54509
